first_name,last_name, email
Patricia,Jackson,patriciajackson@bogusmail.com
Maggie,Anderson,maggieanderson@bogusmail.com
Barbara,White,barbarawhite@bogusmail.com
Patricia,Johnson,patriciajohnson@bogusmail.com
Sam,Jefferson,samjefferson@bogusmail.com
Joe,Taylor,joetaylor@bogusmail.com
Nicole,Miller,nicolemiller@bogusmail.com
Barbara,Jones,barbarajones@bogusmail.com
Neil,Martin,neilmartin@bogusmail.com
Charles,Arnold,charlesarnold@bogusmail.com
Nicole,Anderson,nicoleanderson@bogusmail.com
Dave,Davis,davedavis@bogusmail.com
Travis,Harris,travisharris@bogusmail.com
Robert,Wright,robertwright@bogusmail.com
Sam,Williams,samwilliams@bogusmail.com
Maggie,Taylor,maggietaylor@bogusmail.com
Linda,Harris,lindaharris@bogusmail.com
Maggie,White,maggiewhite@bogusmail.com
Patricia,Jenkins,patriciajenkins@bogusmail.com
John,Smith,johnsmith@bogusmail.com
Sam,Arnold,samarnold@bogusmail.com
James,Martin,jamesmartin@bogusmail.com
Jane,Anderson,janeanderson@bogusmail.com
Steve,Martin,stevemartin@bogusmail.com
Dave,Brown,davebrown@bogusmail.com
Charles,Patterson,charlespatterson@bogusmail.com
Corey,Arnold,coreyarnold@bogusmail.com
Joe,Jenkins,joejenkins@bogusmail.com
Mary,Harris,maryharris@bogusmail.com
Barbara,Brown,barbarabrown@bogusmail.com
Neil,Williams,neilwilliams@bogusmail.com
James,Taylor,jamestaylor@bogusmail.com
Sam,Davis,samdavis@bogusmail.com
Jennifer,Smith,jennifersmith@bogusmail.com
Elizabeth,Jacobs,elizabethjacobs@bogusmail.com
Travis,Taylor,travistaylor@bogusmail.com
Maria,Moore,mariamoore@bogusmail.com
Elizabeth,Jefferson,elizabethjefferson@bogusmail.com
Tom,Doe,tomdoe@bogusmail.com
Dave,Arnold,davearnold@bogusmail.com
James,White,jameswhite@bogusmail.com
Joe,Thomas,joethomas@bogusmail.com
Jane,Thomas,janethomas@bogusmail.com
Dave,Robinson,daverobinson@bogusmail.com
Mary,Robinson,maryrobinson@bogusmail.com
Neil,Patterson,neilpatterson@bogusmail.com
Steve,Jenkins,stevejenkins@bogusmail.com
Corey,Jefferson,coreyjefferson@bogusmail.com
Kurt,Harris,kurtharris@bogusmail.com
Tom,Martin,tommartin@bogusmail.com
Jennifer,Jenkins,jenniferjenkins@bogusmail.com
Maria,Jackson,mariajackson@bogusmail.com
Jennifer,Jackson,jenniferjackson@bogusmail.com
Joe,Jacobs,joejacobs@bogusmail.com
Elizabeth,Stuart,elizabethstuart@bogusmail.com
Tom,Arnold,tomarnold@bogusmail.com
John,Davis,johndavis@bogusmail.com
Robert,Anderson,robertanderson@bogusmail.com
James,Wilson,jameswilson@bogusmail.com
John,Wilson,johnwilson@bogusmail.com
Linda,Smith,lindasmith@bogusmail.com
Neil,Wilson,neilwilson@bogusmail.com
Kurt,Jones,kurtjones@bogusmail.com
Michael,Wright,michaelwright@bogusmail.com
Tom,Moore,tommoore@bogusmail.com
Steve,Wright,stevewright@bogusmail.com
Patricia,Thomas,patriciathomas@bogusmail.com
Joe,Jacobs,joejacobs@bogusmail.com
Corey,Doe,coreydoe@bogusmail.com
Linda,Martin,lindamartin@bogusmail.com
Maria,Jacobs,mariajacobs@bogusmail.com
Joe,Wright,joewright@bogusmail.com
Sam,Stuart,samstuart@bogusmail.com
Neil,Jones,neiljones@bogusmail.com
Mary,Wright,marywright@bogusmail.com
Travis,Williams,traviswilliams@bogusmail.com
Tom,Jefferson,tomjefferson@bogusmail.com
Maria,Davis,mariadavis@bogusmail.com
Travis,Davis,travisdavis@bogusmail.com
Linda,Davis,lindadavis@bogusmail.com
Kurt,Jones,kurtjones@bogusmail.com
Jane,White,janewhite@bogusmail.com
Travis,Wilson,traviswilson@bogusmail.com
Kurt,Davis,kurtdavis@bogusmail.com
Linda,Wilson,lindawilson@bogusmail.com
Robert,Moore,robertmoore@bogusmail.com
Dave,Moore,davemoore@bogusmail.com
Dave,Patterson,davepatterson@bogusmail.com
Neil,Patterson,neilpatterson@bogusmail.com
Dave,Jacobs,davejacobs@bogusmail.com
Barbara,Wright,barbarawright@bogusmail.com
Michael,Moore,michaelmoore@bogusmail.com
Michael,Williams,michaelwilliams@bogusmail.com
Barbara,Jefferson,barbarajefferson@bogusmail.com
Nicole,Stuart,nicolestuart@bogusmail.com
Tom,Robinson,tomrobinson@bogusmail.com
Barbara,Arnold,barbaraarnold@bogusmail.com
Maria,Stuart,mariastuart@bogusmail.com
Nicole,Davis,nicoledavis@bogusmail.com
Maria,Moore,mariamoore@bogusmail.com
